product_category,total_revenue,total_units,transactions,unique_products,revenue_share_pct
Coffee,277515.3065790296,78387,60262,32,39.71
Tea,190771.0949853464,69210,53076,22,27.3
Bakery,81116.50276744892,22679,17470,11,11.61
Drinking Chocolate,73395.91631199185,17623,13588,5,10.5
Coffee Beans,38112.835221457055,2499,1924,4,5.45
Branded,14165.832560187579,811,610,2,2.03
Loose Tea,11281.134147829873,1171,873,2,1.61
Flavours,8197.627444409625,1036,798,1,1.17
Packaged Chocolate,4256.079982299061,662,515,1,0.61
