product_id,product_category,product_type,product_detail,unit_price,total_units,total_transactions,total_revenue,volume_rank,revenue_share_pct,revenue_rank,efficiency_score,product_efficiency_score,total_units_norm,total_revenue_norm,efficiency_score_norm,hero_score
59,Drinking Chocolate,Hot chocolate,Sustainably Grown Organic Lg,4.698205883318741,5035,3844,23655.46662250986,2,3.39,1,4.7,23655.46662250986,0.9624706802187328,0.999999999999957,0.13751263902237043,81.2
56,Drinking Chocolate,Hot chocolate,Dark chocolate Lg,4.450931889459859,5227,4080,23265.020986206684,1,3.33,2,4.45,23265.020986206684,0.9999999999998045,0.9832234374634349,0.1248736097004614,81.8
27,Coffee,Organic brewed coffee,Sustainably Grown Organic Lg,4.698205883318741,4301,3307,20206.9835041539,7,2.89,3,4.7,20206.9835041539,0.8189992181390111,0.8518265097312195,0.13751263902237043,69.6
1,Coffee,Barista Espresso,Latte Rg,4.203657895600978,4137,3188,17390.532714101246,8,2.49,4,4.2,17390.532714101246,0.7869429241593457,0.730810013663464,0.11223458037855236,63.0
3,Coffee,Barista Espresso,Cappuccino Lg,4.203657895600978,4111,3162,17281.23760881562,10,2.47,5,4.2,17281.23760881562,0.7818608287723257,0.7261138511294913,0.11223458037855236,62.6
2,Coffee,Barista Espresso,Latte,3.709109907883216,4488,3446,16646.48526657987,6,2.38,6,3.71,16646.48526657987,0.8555512118841173,0.6988399841052658,0.08746208290761061,63.9
11,Coffee,Barista Espresso,Mocha Lg,4.945479877177622,3091,2383,15286.47830035603,26,2.19,7,4.95,15286.47830035603,0.5824863174353826,0.640403572483435,0.15015166834427948,51.9
58,Drinking Chocolate,Hot chocolate,Sustainably Grown Organic Rg,3.709109907883216,3882,2966,14398.764662402644,14,2.06,8,3.71,14398.764662402644,0.73709929632511,0.6022605328975488,0.08746208290761061,55.3
5,Coffee,Barista Espresso,Latte Lg,4.698205883318741,3039,2308,14277.847679405651,28,2.04,9,4.7,14277.847679405651,0.5723221266613423,0.5970650046642624,0.13751263902237043,49.5
9,Coffee,Barista Espresso,Carmelized Honey Latte Lg,5.192753871036502,2538,1964,13179.209324690642,44,1.89,10,5.19,13179.209324690642,0.4743940578576086,0.549859008875936,0.1622851364933122,44.2
13,Coffee,Gourmet brewed coffee,Ethiopia Lg,3.461835914024335,3734,2858,12926.495302966867,16,1.85,11,3.46,12926.495302966867,0.7081704456605339,0.5390004611163884,0.07482305358570156,51.4
37,Tea,Brewed Chai tea,Morning Sunrise Chai Lg,3.956383901742097,3228,2506,12771.20723482349,23,1.83,12,3.96,12771.20723482349,0.6092650508208347,0.5323280853893867,0.10010111222951966,47.7
73,Coffee Beans,Whole Bean,Brazilian Whole Bean 12oz,14.836439631532864,848,662,12581.300807539868,60,1.8,13,14.84,12581.300807539868,0.144057857701301,0.5241682373665565,0.6501516683190014,39.7
26,Coffee,Organic brewed coffee,Sustainably Grown Organic Rg,3.709109907883216,3289,2577,12199.262487027898,22,1.75,14,3.71,12199.262487027898,0.6211884284596126,0.5077529181018785,0.08746208290761061,46.9
36,Tea,Brewed Chai tea,Morning Sunrise Chai Rg,2.472739938588811,4821,3641,11921.079243936658,3,1.71,15,2.47,11921.079243936658,0.9206411258794134,0.49580001572468585,0.024772497470941745,57.2
30,Coffee,Premium brewed coffee,Jamaican Coffee River Lg,3.709109907883216,3161,2441,11724.496418818846,25,1.68,16,3.71,11724.496418818846,0.5961688819388983,0.48735329804480293,0.08746208290761061,45.1
40,Tea,Brewed Black tea,Earl Grey Rg,2.472739938588811,4740,3629,11720.787308910963,4,1.68,17,2.47,11720.787308910963,0.9048084440967739,0.48719392601310707,0.024772497470941745,56.2
55,Drinking Chocolate,Hot chocolate,Dark chocolate Rg,3.461835914024335,3368,2607,11659.46335843396,21,1.67,18,3.46,11659.46335843396,0.6366301798278661,0.48455897508906814,0.07482305358570156,46.3
22,Coffee,Drip coffee,Our Old Time Diner Blend Lg,2.967287926306573,3926,3031,11649.572398679606,13,1.67,19,2.97,11649.572398679606,0.7456997654416055,0.4841339830045457,0.05005055611475984,50.2
47,Tea,Brewed herbal tea,Peppermint Rg,2.472739938588811,4532,3508,11206.45740168449,5,1.6,20,2.47,11206.45740168449,0.8641516810006129,0.4650943376179419,0.024772497470941745,53.7
29,Coffee,Premium brewed coffee,Jamaican Coffee River Rg,3.0661975238501253,3588,2739,11001.51671557425,18,1.57,21,3.07,11001.51671557425,0.679632525410344,0.45628850162663753,0.055106167843523436,46.5
10,Coffee,Barista Espresso,Mocha Rg,4.450931889459859,2457,1878,10935.939652402874,45,1.56,22,4.45,10935.939652402874,0.45856137607496894,0.453470804106254,0.1248736097004614,39.0
72,Coffee Beans,Whole Bean,Columbian Whole Bean 12oz,16.32008359468615,670,507,10934.45600843972,64,1.56,23,16.32,10934.45600843972,0.1092650508209325,0.45340705529357556,0.7249747219047029,37.0
54,Tea,Brewed Green tea,Jade Green Tea Lg,2.967287926306573,3638,2770,10794.993475903313,17,1.54,24,2.97,10794.993475903313,0.6894057857699981,0.4474146669018097,0.05005055611475984,46.5
39,Tea,Brewed Chai tea,Traditional Blend Chai Lg,2.967287926306573,3638,2797,10794.993475903313,17,1.54,24,2.97,10794.993475903313,0.6894057857699981,0.4474146669018097,0.05005055611475984,46.5
12,Coffee,Gourmet brewed coffee,Ethiopia Rg,2.967287926306573,3550,2715,10533.872138388335,19,1.51,25,2.97,10533.872138388335,0.6722048475370069,0.43619487587041816,0.05005055611475984,45.3
45,Tea,Brewed Black tea,Darjeeling Rg,2.5716495361323632,3983,3042,10242.880102415204,12,1.47,26,2.57,10242.880102415204,0.7568412822516112,0.42369160874376893,0.029828109199705344,47.8
52,Tea,Brewed Green tea,Serenity Green Tea Lg,2.967287926306573,3449,2665,10234.17605783137,20,1.46,27,2.97,10234.17605783137,0.6524628616105057,0.4233176157093892,0.05005055611475984,44.0
38,Tea,Brewed Chai tea,Traditional Blend Chai Rg,2.472739938588811,4130,3167,10212.41594637179,9,1.46,28,2.47,10212.41594637179,0.7855746677089942,0.42238263312343993,0.024772497470941745,48.8
49,Tea,Brewed herbal tea,Lemon Grass Rg,2.472739938588811,4092,3109,10118.451828705414,11,1.45,29,2.47,10118.451828705414,0.7781469898356571,0.41834520832047706,0.024772497470941745,48.4
69,Bakery,Pastry,Almond Croissant,3.956383901742097,2553,1989,10100.648101147573,43,1.45,30,3.96,10100.648101147573,0.47732603596550477,0.41758022256833666,0.10010111222951966,37.8
19,Coffee,Gourmet brewed coffee,Ethiopian Full Roast Lg,3.26401671893723,3076,2340,10040.115427450919,27,1.44,31,3.26,10040.115427450919,0.5795543393274863,0.4149792710110595,0.06471183012817432,41.1
74,Coffee Beans,Ground,Our Old Time Diner Blend Ground 12oz,13.84734365609734,725,562,10039.324150670573,62,1.44,32,13.85,10039.324150670573,0.12001563721655198,0.4149452716442978,0.6001011122042416,33.4
76,Branded,Merchandise,Afficionado T-Shirt,21.76011145958153,459,345,9987.891159947923,70,1.43,33,21.76,9987.891159947923,0.06802189210319233,0.4127353128047812,0.9999999999494439,39.2
67,Bakery,Biscotti,Ginger Biscotti,3.461835914024335,2848,2191,9859.308683141306,32,1.41,34,3.46,9859.308683141306,0.5349882720874638,0.4072104157059899,0.07482305358570156,39.2
66,Bakery,Biscotti,Chocolate Chip Biscotti,3.461835914024335,2700,2070,9346.956967865704,36,1.34,35,3.46,9346.956967865704,0.5060594214228877,0.3851958257277292,0.07482305358570156,37.1
53,Tea,Brewed Green tea,Jade Green Tea Rg,2.472739938588811,3766,2877,9312.338608725462,15,1.33,36,2.47,9312.338608725462,0.7144253322907125,0.38370835343190085,0.024772497470941745,44.4
68,Bakery,Pastry,Chocolate Croissant,3.709109907883216,2438,1890,9042.809955419281,46,1.29,37,3.71,9042.809955419281,0.4548475371383004,0.3721273191286652,0.08746208290761061,34.8
46,Tea,Brewed Black tea,Darjeeling Lg,3.165107121393678,2795,2170,8846.47440429533,34,1.27,38,3.17,8846.47440429533,0.5246286161062305,0.36369122625089545,0.060161779572287064,36.7
48,Tea,Brewed herbal tea,Peppermint Lg,2.967287926306573,2883,2221,8554.69109154185,31,1.22,39,2.97,8554.69109154185,0.5418295543392216,0.3511539597574845,0.05005055611475984,36.7
24,Coffee,Organic brewed coffee,Brazilian Rg,2.967287926306573,2848,2171,8450.83601412112,32,1.21,40,2.97,8450.83601412112,0.5349882720874638,0.34669154286999915,0.05005055611475984,36.3
25,Coffee,Organic brewed coffee,Brazilian Lg,3.461835914024335,2396,1863,8294.558850002308,47,1.19,41,3.46,8294.558850002308,0.446637998436191,0.3399766679345452,0.07482305358570156,33.0
41,Tea,Brewed Black tea,Earl Grey Lg,2.967287926306573,2791,2161,8281.700602321645,35,1.19,42,2.97,8281.700602321645,0.5238467552774582,0.33942417822466603,0.05005055611475984,35.5
79,Flavours,Syrup,Vanilla Syrup 12oz,7.912767803484194,1036,798,8197.627444409625,57,1.17,43,7.91,8197.627444409625,0.1808053166536003,0.3358117455062255,0.2997977755156826,26.7
62,Bakery,Scone,Scottish Cream Scone,4.450931889459859,1817,1402,8087.343243148564,49,1.16,44,4.45,8087.343243148564,0.3334636434713969,0.3310730837638007,0.1248736097004614,29.1
50,Tea,Brewed herbal tea,Lemon Grass Lg,2.967287926306573,2695,2082,7996.840961396214,37,1.14,45,2.97,7996.840961396214,0.5050820953869224,0.32718440619042066,0.05005055611475984,34.3
44,Tea,Brewed Black tea,English Breakfast Lg,2.967287926306573,2687,2062,7973.102657985762,38,1.14,46,2.97,7973.102657985762,0.5035183737293777,0.3261644251875669,0.05005055611475984,34.2
34,Tea,Brewed Chai tea,Spicy Eye Opener Chai Lg,3.0661975238501253,2571,1973,7883.193833818672,41,1.13,47,3.07,7883.193833818672,0.48084440969498027,0.3223012471392582,0.055106167843523436,33.2
51,Tea,Brewed Green tea,Serenity Green Tea Rg,2.472739938588811,3180,2449,7863.313004712419,24,1.13,48,2.47,7863.313004712419,0.5998827208755668,0.3214470130493682,0.024772497470941745,37.3
18,Coffee,Gourmet brewed coffee,Ethiopian Full Roast Rg,2.769468731219468,2811,2169,7784.976603457924,33,1.11,49,2.77,7784.976603457924,0.5277560594213198,0.31808107573995065,0.03993933265723259,34.6
63,Bakery,Scone,Cranberry Scone,3.214561920165454,2396,1857,7702.090360716427,47,1.1,50,3.21,7702.090360716427,0.446637998436191,0.3145196420716529,0.06218402426379251,31.7
16,Coffee,Gourmet brewed coffee,Columbian Medium Roast Lg,2.967287926306573,2559,1968,7593.28980341852,42,1.09,51,2.97,7593.28980341852,0.47849882720866327,0.3098447291419064,0.05005055611475984,32.5
15,Coffee,Gourmet brewed coffee,Columbian Medium Roast Rg,2.472739938588811,3018,2293,7462.729134661031,29,1.07,52,2.47,7462.729134661031,0.5682173573102877,0.3042348336262106,0.024772497470941745,35.4
21,Coffee,Drip coffee,Our Old Time Diner Blend Rg,2.472739938588811,3010,2353,7442.9472151523205,30,1.07,53,2.47,7442.9472151523205,0.566653635652743,0.3033848494571658,0.024772497470941745,35.3
64,Bakery,Scone,Ginger Scone,3.214561920165454,2184,1673,7020.603233641351,48,1.0,54,3.21,7020.603233641351,0.40519937451125776,0.285237687448059,0.06218402426379251,28.9
33,Tea,Brewed Chai tea,Spicy Eye Opener Chai Rg,2.522194737360586,2682,2033,6764.526285601092,39,0.97,55,2.52,6764.526285601092,0.5025410476934122,0.2742346423797738,0.027300303335323545,31.6
61,Bakery,Scone,Jumbo Savory Scone,3.709109907883216,1771,1326,6568.833646861175,50,0.94,56,3.71,6568.833646861175,0.3244722439405151,0.265826173987498,0.08746208290761061,25.4
43,Tea,Brewed Black tea,English Breakfast Rg,2.472739938588811,2625,2004,6490.9423387956285,40,0.93,57,2.47,6490.9423387956285,0.49139953088340665,0.2624793613218841,0.024772497470941745,30.7
70,Bakery,Pastry,Cinnamon Roll,3.709109907883216,1693,1301,6279.523074046285,51,0.9,58,3.71,6279.523074046285,0.3092259577794548,0.25339515551521763,0.08746208290761061,24.3
78,Loose Tea,Loose Leaf,Peppermint Loose 4oz,9.39641176663748,609,444,5722.414765882225,68,0.82,59,9.4,5722.414765882225,0.09734167318215453,0.229457476354493,0.37512639027426053,20.6
77,Loose Tea,Loose Leaf,Earl Grey Loose 4oz,9.890959754355244,562,429,5558.719381947647,69,0.8,60,9.89,5558.719381947647,0.08815480844407972,0.2224238573556472,0.39989888774520227,20.4
8,Coffee,Barista Espresso,Carmelized Honey Latte,4.698205883318741,1051,820,4937.814383367996,56,0.71,61,4.7,4937.814383367996,0.18373729476149653,0.19574497924975306,0.13751263902237043,17.9
71,Coffee Beans,Whole Bean,Ethiopia Whole Bean 12oz,17.803727557839437,256,193,4557.754254806896,72,0.65,62,17.8,4557.754254806896,0.028342455042996803,0.17941465840197957,0.7997977754904045,24.3
65,Bakery,Biscotti,Hazelnut Biscotti,3.214561920165454,1399,1086,4497.17212631147,53,0.64,63,3.21,4497.17212631147,0.25175918686468884,0.17681158188427978,0.06218402426379251,18.4
80,Packaged Chocolate,Bar,Dark Chocolate Bar 3oz,6.429123840330908,662,515,4256.079982299061,66,0.61,64,6.43,4256.079982299061,0.10770132916338786,0.1664523998240461,0.224974721929981,15.5
75,Branded,Merchandise,Afficionado Mug,11.869151705226292,352,265,4177.941400239655,71,0.6,65,11.87,4177.941400239655,0.04710711493353262,0.16309496235631912,0.49999999997472183,18.4
7,Coffee,Barista Espresso,Ouro Brasileiro shot,2.967287926306573,1286,1009,3815.932273230253,54,0.55,66,2.97,3815.932273230253,0.22967161845187065,0.147540252062799,0.05005055611475984,16.1
20,Coffee,Drip coffee,Our Old Time Diner Blend Sm,1.9781919508710488,1656,1259,3275.8858706424567,52,0.47,67,1.98,3275.8858706424567,0.3019937451133108,0.12433568424787554,0.0,17.1
60,Bakery,Scone,Oatmeal Scone,2.967287926306573,880,685,2611.213375149784,59,0.37,68,2.97,2611.213375149784,0.1503127443314796,0.09577621616796975,0.05005055611475984,10.8
14,Coffee,Gourmet brewed coffee,Columbian Medium Roast Sm,1.9781919508710488,1211,918,2395.59045250484,55,0.34,69,1.98,2395.59045250484,0.21501172791238954,0.08651138872538126,0.0,12.1
4,Coffee,Barista Espresso,Cappuccino,3.709109907883216,627,468,2325.6119122427763,67,0.33,70,3.71,2325.6119122427763,0.10086004691163,0.08350456972738522,0.08746208290761061,9.1
23,Coffee,Organic brewed coffee,Brazilian Sm,2.176011145958153,1018,766,2215.1793465854,58,0.32,71,2.18,2215.1793465854,0.17728694292412484,0.07875953310369253,0.010111223457527246,10.4
6,Coffee,Barista Espresso,Espresso shot,2.967287926306573,669,522,1985.1156226990972,65,0.28,72,2.97,1985.1156226990972,0.10906958561373942,0.06887421721770136,0.05005055611475984,8.1
28,Coffee,Premium brewed coffee,Jamaican Coffee River Sm,2.4232851398170348,710,535,1720.5324492700947,63,0.25,73,2.42,1720.5324492700947,0.11708365910865576,0.057505678956726966,0.02224469160655992,7.4
17,Coffee,Gourmet brewed coffee,Ethiopian Full Roast Sm,2.176011145958153,773,612,1682.0566158256524,61,0.24,74,2.18,1682.0566158256524,0.1293979671618199,0.055852459747934784,0.010111223457527246,7.6
32,Coffee,Premium brewed coffee,Guatemalan Sustainably Grown,3.165107121393678,138,108,436.7847827523276,74,0.06,75,3.17,436.7847827523276,0.0052775605942131975,0.0023459563065636934,0.060161779572287064,1.5
57,Drinking Chocolate,Hot chocolate,Dark chocolate,3.758564706654992,111,91,417.2006824387041,76,0.06,76,3.76,417.2006824387041,0.0,0.0015044719792093222,0.0899898887719924,1.9
31,Coffee,Premium brewed coffee,Jamaican Coffee River,3.461835914024335,120,91,415.4203096829202,75,0.06,77,3.46,415.4203096829202,0.0017591868647377326,0.0014279734039952907,0.07482305358570156,1.6
42,Tea,Brewed Black tea,Earl Grey,2.769468731219468,146,105,404.3424347580423,73,0.06,78,2.77,404.3424347580423,0.006841282251757849,0.000951982269330193,0.03993933265723259,1.1
35,Tea,Brewed Chai tea,Spicy Eye Opener Chai,2.769468731219468,138,105,382.18668490828657,74,0.05,79,2.77,382.18668490828657,0.0052775605942131975,0.0,0.03993933265723259,1.0
